dataset,nominal_percent,stabilizing_mutations,destabilizing_mutations,zero_excluded_mutations,zero_excluded_percent,proteins_with_any_zero_excluded,proteins_with_any_zero_excluded_percent,correct_sign_mutations,sign_accuracy_percent
S669L,50,10,219,229,34.23019431988042,46,52.87356321839081,217,94.75982532751091
S669L,51,9,213,222,33.18385650224215,44,50.57471264367816,214,96.3963963963964
S669L,52,7,208,215,32.13751868460388,44,50.57471264367816,207,96.27906976744185
S669L,53,7,201,208,31.09118086696562,43,49.42528735632184,201,96.63461538461539
S669L,54,6,197,203,30.343796711509714,41,47.12643678160919,196,96.55172413793103
S669L,55,6,195,201,30.044843049327355,41,47.12643678160919,194,96.51741293532338
S669L,56,6,186,192,28.699551569506728,39,44.827586206896555,185,96.35416666666667
S669L,57,5,183,188,28.101644245142005,39,44.827586206896555,181,96.27659574468085
S669L,58,5,175,180,26.905829596412556,39,44.827586206896555,174,96.66666666666667
S669L,59,5,171,176,26.307922272047833,38,43.67816091954023,171,97.1590909090909
S669L,60,3,168,171,25.56053811659193,37,42.52873563218391,167,97.6608187134503
S669L,61,3,160,163,24.364723467862483,34,39.08045977011494,159,97.54601226993866
S669L,62,2,156,158,23.61733931240658,33,37.93103448275862,154,97.46835443037975
S669L,63,2,153,155,23.168908819133033,33,37.93103448275862,151,97.41935483870968
S669L,64,2,148,150,22.42152466367713,33,37.93103448275862,146,97.33333333333333
S669L,65,2,135,137,20.47832585949178,29,33.333333333333336,135,98.54014598540147
S669L,66,2,131,133,19.880418535127056,29,33.333333333333336,132,99.24812030075188
S669L,67,2,124,126,18.83408071748879,26,29.885057471264368,125,99.2063492063492
S669L,68,2,117,119,17.787742899850524,24,27.586206896551722,118,99.15966386554622
S669L,69,2,111,113,16.89088191330344,24,27.586206896551722,112,99.11504424778761
S669L,70,1,103,104,15.54559043348281,21,24.137931034482758,103,99.03846153846153
S669L,71,1,98,99,14.798206278026905,19,21.839080459770116,98,98.98989898989899
S669L,72,1,89,90,13.452914798206278,17,19.54022988505747,89,98.88888888888889
S669L,73,1,80,81,12.10762331838565,15,17.24137931034483,80,98.76543209876543
S669L,74,1,79,80,11.958146487294469,14,16.091954022988507,80,100.0
S669L,75,1,73,74,11.061285500747385,13,14.942528735632184,74,100.0
S669L,76,1,68,69,10.31390134529148,11,12.64367816091954,69,100.0
S669L,77,1,64,65,9.715994020926756,9,10.344827586206897,65,100.0
S669L,78,1,61,62,9.267563527653214,9,10.344827586206897,62,100.0
S669L,79,1,57,58,8.66965620328849,9,10.344827586206897,58,100.0
S669L,80,0,48,48,7.174887892376682,7,8.045977011494253,48,100.0
S669L,81,0,37,37,5.530642750373692,7,8.045977011494253,37,100.0
S669L,82,0,31,31,4.633781763826607,5,5.747126436781609,31,100.0
S669L,83,0,29,29,4.334828101644245,5,5.747126436781609,29,100.0
S669L,84,0,26,26,3.8863976083707024,4,4.597701149425287,26,100.0
S669L,85,0,22,22,3.288490284005979,3,3.4482758620689653,22,100.0
S669L,86,0,17,17,2.5411061285500747,2,2.2988505747126435,17,100.0
S669L,87,0,15,15,2.242152466367713,2,2.2988505747126435,15,100.0
S669L,88,0,12,12,1.7937219730941705,2,2.2988505747126435,12,100.0
S669L,89,0,5,5,0.7473841554559043,2,2.2988505747126435,5,100.0
S669L,90,0,4,4,0.5979073243647235,2,2.2988505747126435,4,100.0
S669L,91,0,0,0,0.0,0,0.0,0,
S669L,92,0,0,0,0.0,0,0.0,0,
S669L,93,0,0,0,0.0,0,0.0,0,
S669L,94,0,0,0,0.0,0,0.0,0,
S669L,95,0,0,0,0.0,0,0.0,0,
S461L,50,7,183,190,41.21475054229935,26,56.52173913043478,187,98.42105263157895
S461L,51,7,181,188,40.780911062906725,26,56.52173913043478,186,98.93617021276596
S461L,52,5,176,181,39.26247288503254,25,54.34782608695652,179,98.89502762430939
S461L,53,5,172,177,38.39479392624729,25,54.34782608695652,175,98.87005649717514
S461L,54,4,169,173,37.52711496746204,23,50.0,171,98.84393063583815
S461L,55,4,167,171,37.093275488069416,23,50.0,169,98.83040935672514
S461L,56,4,163,167,36.22559652928417,23,50.0,165,98.80239520958084
S461L,57,3,159,162,35.140997830802604,23,50.0,160,98.76543209876543
S461L,58,3,154,157,34.05639913232104,23,50.0,155,98.72611464968153
S461L,59,3,150,153,33.18872017353579,22,47.82608695652174,152,99.34640522875817
S461L,60,3,148,151,32.75488069414317,22,47.82608695652174,150,99.33774834437087
S461L,61,2,141,143,31.019522776572668,20,43.47826086956522,143,100.0
S461L,62,2,136,138,29.934924078091107,20,43.47826086956522,138,100.0
S461L,63,2,133,135,29.284164859002168,20,43.47826086956522,135,100.0
S461L,64,2,130,132,28.63340563991323,20,43.47826086956522,132,100.0
S461L,65,2,120,122,26.464208242950107,18,39.130434782608695,122,100.0
S461L,66,2,119,121,26.247288503253795,18,39.130434782608695,121,100.0
S461L,67,2,115,117,25.379609544468547,17,36.95652173913044,117,100.0
S461L,68,2,109,111,24.07809110629067,17,36.95652173913044,111,100.0
S461L,69,2,102,104,22.559652928416487,16,34.78260869565217,104,100.0
S461L,70,1,95,96,20.824295010845987,14,30.434782608695652,96,100.0
S461L,71,1,91,92,19.95661605206074,13,28.26086956521739,92,100.0
S461L,72,1,84,85,18.43817787418655,12,26.08695652173913,85,100.0
S461L,73,1,75,76,16.485900216919738,11,23.91304347826087,76,100.0
S461L,74,1,75,76,16.485900216919738,11,23.91304347826087,76,100.0
S461L,75,1,70,71,15.401301518438178,11,23.91304347826087,71,100.0
S461L,76,1,67,68,14.750542299349242,11,23.91304347826087,68,100.0
S461L,77,1,63,64,13.882863340563992,9,19.565217391304348,64,100.0
S461L,78,1,58,59,12.79826464208243,8,17.391304347826086,59,100.0
S461L,79,1,56,57,12.364425162689805,8,17.391304347826086,57,100.0
S461L,80,1,46,47,10.195227765726681,7,15.217391304347826,47,100.0
S461L,81,0,38,38,8.242950108459869,6,13.043478260869565,38,100.0
S461L,82,0,30,30,6.507592190889371,5,10.869565217391305,30,100.0
S461L,83,0,28,28,6.073752711496746,4,8.695652173913043,28,100.0
S461L,84,0,24,24,5.206073752711497,3,6.521739130434782,24,100.0
S461L,85,0,21,21,4.55531453362256,2,4.3478260869565215,21,100.0
S461L,86,0,19,19,4.1214750542299345,2,4.3478260869565215,19,100.0
S461L,87,0,17,17,3.6876355748373104,2,4.3478260869565215,17,100.0
S461L,88,0,13,13,2.819956616052061,2,4.3478260869565215,13,100.0
S461L,89,0,6,6,1.3015184381778742,2,4.3478260869565215,6,100.0
S461L,90,0,5,5,1.0845986984815619,2,4.3478260869565215,5,100.0
S461L,91,0,0,0,0.0,0,0.0,0,
S461L,92,0,0,0,0.0,0,0.0,0,
S461L,93,0,0,0,0.0,0,0.0,0,
S461L,94,0,0,0,0.0,0,0.0,0,
S461L,95,0,0,0,0.0,0,0.0,0,
