epoch,train_loss,seconds,mse_protein,mse_mutation
1,1.4573460205213231,2.037180185317993,3.387377132886113,3.092142299353835
2,1.0829422459455913,2.034522294998169,3.305803359029357,2.990373055820504
3,1.0524760424641186,2.044320583343506,3.0438305365886023,2.666713348627923
4,0.9982949200664358,2.0395009517669678,2.735094436447388,2.3146563076388578
5,0.9627013103554731,2.041454553604126,2.6222977266574135,2.2031494015192536
6,0.9464973977381557,2.0379090309143066,2.585407350073492,2.184443341595229
7,0.9360625445361024,2.040966033935547,2.5613711635291185,2.1720596940121637
8,0.9262459210987235,2.051910161972046,2.5426151226783977,2.1559951828478296
9,0.9186720590364059,2.032820463180542,2.527053855185474,2.1492133689741157
10,0.9110830836158631,2.0437541007995605,2.507059745994494,2.1416964454184675
11,0.9025624383819001,2.034538507461548,2.495751340876767,2.139472347191027
12,0.8951762467141038,2.0331079959869385,2.4876266598320673,2.1348183283666993
13,0.8895064243757776,2.0556654930114746,2.477994987454188,2.133177481610069
14,0.8819497838166768,2.0298376083374023,2.477794601899206,2.1295317997756626
15,0.8770917543563349,2.0490024089813232,2.4700825666112003,2.129633152264343
16,0.8723549022869175,2.0406506061553955,2.459848796619999,2.1293429710660234
17,0.8675937491051596,2.038496971130371,2.456592322394773,2.1282286340042997
18,0.8624693914396881,2.0314769744873047,2.4543124665224,2.128933248338378
19,0.8589382303380889,2.022873640060425,2.4471570908396596,2.1289985055213214
20,0.8557403270267593,2.038463592529297,2.4517470615996735,2.1318165349087344
21,0.8506514518441439,2.0324578285217285,2.4461285288345507,2.130083177719333
22,0.8491198407478052,2.0123095512390137,2.4429405236949946,2.1330715336516928
23,0.8453886900819709,2.0350306034088135,2.442829949383342,2.128890496415499
24,0.842713740132428,2.0364933013916016,2.4396083100768284,2.1319443223940864
25,0.8395258738932296,2.032254457473755,2.4427109000874174,2.135208129976541
26,0.8369933257746542,2.022063732147217,2.4391287050832777,2.137682858655399
27,0.8331030641305099,2.0298774242401123,2.4434352668595554,2.141533164026692
28,0.8324979188699468,2.016374349594116,2.4423318906127918,2.1408003738298493
29,0.8307073995358599,2.045750856399536,2.4444337626862302,2.143706985517289
30,0.828470145155483,2.037835121154785,2.4415769731871726,2.1450074105033425
31,0.8254963242737897,2.045295476913452,2.4419173806396657,2.1426587281605056
32,0.8248259697133546,2.0321788787841797,2.441379792735299,2.147479939073224
33,0.8228854840181784,2.052710771560669,2.4399714421423013,2.1522148376193226
34,0.8199290300293922,2.037285566329956,2.439038266336482,2.1419868673640177
35,0.8193857324959967,2.047625780105591,2.4427485522949626,2.1459432281513005
36,0.8174854739537013,2.0357863903045654,2.4440594611330053,2.151183009613636
37,0.8168478241468307,2.0313894748687744,2.441957833591452,2.157052441419701
38,0.8140465740093376,2.035503387451172,2.449791353757475,2.152323439873269
39,0.8124484974762489,2.03707218170166,2.4498883378639165,2.1605765253603892
40,0.8111768963481781,2.03576922416687,2.4435294853109775,2.162944813908133
41,0.8112445276126201,2.0394487380981445,2.44770261854076,2.163373958043565
42,0.8087393590045896,2.034217357635498,2.4496830545518367,2.1693036837340465
43,0.8066400906095152,2.027865409851074,2.448136092741054,2.1643819423654125
44,0.8058307547973276,2.0423645973205566,2.452037549614524,2.172205009746288
45,0.8057836846376725,2.0305683612823486,2.4517807023078713,2.167153510912114
46,0.8027804910430106,2.02883243560791,2.4550483963187357,2.1687998391262258
47,0.8023999095171819,2.0338664054870605,2.461086620336197,2.1775661408177145
48,0.8018914646798231,2.034654140472412,2.4581341290611665,2.1860013916292296
49,0.8003175857874308,2.028573989868164,2.45977599779575,2.179173708786996
50,0.8000780661301367,2.0792200565338135,2.453622931111108,2.172846288215425
51,0.7974695066097474,2.06786847114563,2.462392869877348,2.1847199543672864
52,0.7970932971762397,2.0367016792297363,2.45948619931391,2.1781074382008128
53,0.7947657588229049,2.0286340713500977,2.4608283512487024,2.189687335183844
54,0.7938750500576008,2.022128105163574,2.468479104952807,2.193079130972009
55,0.7942842514141909,2.0351436138153076,2.463419731419609,2.1917503681039574
56,0.7917949713913097,2.0403709411621094,2.4648050401506505,2.191599502950929
57,0.7906890021524838,2.0400872230529785,2.462546508642991,2.19251687452685
58,0.7898177607035152,2.0288360118865967,2.4623877232622693,2.192388185132364
59,0.7896177415045557,2.036895513534546,2.4693514607061178,2.1961575251818686
60,0.787071810798305,2.0365893840789795,2.4703536740303744,2.194335267974122
61,0.7870228168417741,2.0876049995422363,2.4725371101535334,2.203688603061216
62,0.7856567205403578,2.1094722747802734,2.469138956670091,2.2102362290153477
63,0.7844772856152649,2.0856010913848877,2.4738210496056277,2.206710020389576
64,0.7839927381779678,2.0301051139831543,2.4665751524284794,2.206878346453821
65,0.7835940957020597,2.0369701385498047,2.4692833472980613,2.2079403148791448
66,0.7833451191685965,2.0292983055114746,2.467052654942256,2.2006651858630684
67,0.7813441662382784,2.0398709774017334,2.4755261491585343,2.2142718229206912
68,0.7805961185096811,2.0131521224975586,2.4721828086586566,2.210941091225208
69,0.7796138421640378,2.049635887145996,2.4781315021700636,2.2091380843786768
70,0.7790253782837555,2.0654308795928955,2.4792750755129336,2.2147658677684188
71,0.7775931548415522,2.0346572399139404,2.48687689550114,2.2166282725247113
72,0.7769678160989786,2.0277140140533447,2.476711989787896,2.2172242707556937
73,0.7752974231141331,2.028214931488037,2.475924385398096,2.21795899090703
74,0.7748978635254076,2.026204824447632,2.476063005528235,2.211175652008132
75,0.7739386623123147,2.051581859588623,2.4822356390240383,2.2197791186336775
76,0.7730145414664956,2.041404962539673,2.4870312589665424,2.2181114603404017
77,0.7708283958771314,2.0463006496429443,2.4794904583396664,2.235025741538442
78,0.7702276624963972,2.042375087738037,2.47759971029315,2.2324198660001766
79,0.7701013221943366,2.0241317749023438,2.4773369019459683,2.213289158357479
80,0.7679155514099342,2.0554418563842773,2.4819727358916395,2.2183052709748727
81,0.7681599147878748,2.0587704181671143,2.477877888228227,2.2264082764020303
82,0.7677806551941542,2.0734574794769287,2.480369709225148,2.2214574662654956
83,0.7654035473924836,2.05356764793396,2.4848115863599958,2.2167277453511507
84,0.7649950157140446,2.080857038497925,2.475740358759881,2.224372696058483
85,0.7646506906186977,2.0987913608551025,2.474775894099263,2.2147087318365335
86,0.7627303229347835,2.04045033454895,2.485948938016701,2.2316728554678353
87,0.7635238488680977,2.0358810424804688,2.477850684724045,2.233737262242563
88,0.7612719162701477,2.045412302017212,2.4887746427998936,2.23752722286233
89,0.7606001373446659,2.1012935638427734,2.486481669309038,2.229818085006893
90,0.7597038953621261,2.0820727348327637,2.48663320485486,2.2238331051352174
91,0.7605364321197127,2.0762276649475098,2.478944648367164,2.2222423325528227
92,0.7590136984681835,2.063411235809326,2.490184682194478,2.227751068576462
93,0.7571421785276095,2.090087413787842,2.493993380555658,2.242144371510027
94,0.7562378571054633,2.049718141555786,2.493319312859545,2.2394362857348598
95,0.7549771762147931,2.0296576023101807,2.4952065631326814,2.233370203277533
96,0.7533576667884863,2.0500528812408447,2.494520411357616,2.2547640039204744
97,0.7536903615270195,2.0396206378936768,2.487520714522406,2.245842304757267
98,0.7519271899584745,2.0382192134857178,2.4982024880124505,2.25125474229386
99,0.7524658417397435,2.0339255332946777,2.504423522994116,2.2446793217694165
100,0.7500966259339575,2.0459718704223633,2.490048034953448,2.2375202379894894
101,0.748935051168544,2.030830144882202,2.491718086025809,2.247892832732363
102,0.7484208138497518,2.0215420722961426,2.4998479139035403,2.2430027918254356
103,0.7470151276023083,2.0328609943389893,2.4963744804646093,2.2401528880259245
104,0.7470781914287664,2.03471302986145,2.50904780788758,2.2403668923682107
105,0.7452014274990532,2.033386707305908,2.5006741543868287,2.253868660802214
106,0.7437315895174458,2.021784543991089,2.5056713601661733,2.24032385206809
107,0.7427257112737199,2.0385379791259766,2.5107951916727234,2.248928181362809
108,0.7414510208141893,2.0355329513549805,2.505775600639216,2.25321831099278
109,0.7415839514794462,2.034886360168457,2.500456441965541,2.247814563143308
110,0.7404501629583858,2.031769037246704,2.505190240800625,2.243101114042829
111,0.7383883307529373,2.031393051147461,2.520915912474074,2.255827070773528
112,0.7357396655294498,2.0370631217956543,2.519222402958072,2.2534798211959433
113,0.7375472881670656,2.038358688354492,2.5166747727292544,2.259320261704017
114,0.7339362940030445,2.04689621925354,2.514357714583049,2.2511673799143166
115,0.734455687063144,2.044732093811035,2.5101864527331297,2.2483161683523885
116,0.7349460501141509,2.032243251800537,2.511476360690597,2.2627015020506867
117,0.7323401077612351,2.0475382804870605,2.506258068621546,2.267208228165063
118,0.730511474938449,2.048006296157837,2.518773167792711,2.2582172261013342
119,0.7298075539082016,2.0322556495666504,2.528175647897699,2.263366612825169
120,0.7286106795554275,2.0375208854675293,2.5135633053160054,2.284994284966015
121,0.7262772692182776,2.0464258193969727,2.510417084163189,2.2722370382896218
122,0.7258981422261266,2.0263161659240723,2.523831361621126,2.250280500873059
123,0.725204685645465,2.0331759452819824,2.525143841038069,2.2620924648521665
124,0.7234512222062692,2.0360026359558105,2.5106878721925248,2.264027675022199
125,0.7238966885305327,2.0292651653289795,2.515797764555496,2.2648194954280987
126,0.7206957827659701,2.030660390853882,2.5288812869576844,2.2621414050079696
127,0.7205557574202901,2.0452849864959717,2.5296036989536437,2.2839516648253757
128,0.7195812942147062,2.0398755073547363,2.521486838703109,2.2695865479291726
129,0.7182086582073806,2.0312252044677734,2.514108846444793,2.2662311575629155
130,0.7162795701578003,2.0203418731689453,2.5248075329104034,2.2801132560115533
131,0.7169519457986161,2.0115838050842285,2.528302083628625,2.277041279781947
132,0.7150843715975623,2.038050651550293,2.5264864867963586,2.2710014039826323
133,0.7122808630269117,2.031632661819458,2.5246795035709697,2.262327086646836
134,0.71177637863278,2.0305159091949463,2.534478587782286,2.2783595805710504
135,0.7109482320073736,2.0434410572052,2.535090266584486,2.2747071062670785
136,0.7078273817866736,2.0352864265441895,2.5354029762354755,2.2751018100754785
137,0.7093261253256311,2.0424766540527344,2.538087139076827,2.275600151811985
138,0.7078410925655746,2.0285027027130127,2.541836411299021,2.266717492564037
139,0.7042585630571984,2.0462841987609863,2.527893453370315,2.2703780541451284
140,0.7059659033568159,2.085181713104248,2.5286992031539173,2.2720691257610426
141,0.7038059213032127,2.0501885414123535,2.5252435914944074,2.2824316203578587
142,0.7017541903440925,2.0392394065856934,2.53091961580019,2.288079776175167
143,0.7020656499552043,2.0414724349975586,2.5380135924706195,2.2672867636659246
144,0.6991325830520133,2.042243242263794,2.5579498552013518,2.2780440627082323
145,0.697682353779328,2.0432729721069336,2.549851368626378,2.2899819540427444
146,0.6974008736927725,2.052201271057129,2.5530075738232063,2.2939344975189377
147,0.6969008445674514,2.0745160579681396,2.546030133827171,2.284827201197885
148,0.6959967289485263,2.0542988777160645,2.5521876044662997,2.2778123756772923
149,0.6935914744530676,2.0387938022613525,2.547472539649221,2.294061924958425
150,0.6932844241262125,2.03464412689209,2.5478300656342285,2.298106517532793
151,0.6905632318170131,2.042113780975342,2.544163586333751,2.2895812722634123
152,0.6913786011131817,2.0210442543029785,2.547905472661609,2.284703835960785
153,0.6882561933859412,2.046604871749878,2.5382864075818894,2.2914115779484985
154,0.6872784896281544,2.0425732135772705,2.550112657680568,2.2737801156238455
155,0.6862807010733503,2.0341970920562744,2.545572537442739,2.297378869646785
156,0.6842599068381944,2.0352492332458496,2.5510755416363806,2.284060097618699
157,0.6837167409665136,2.049311637878418,2.55680150628841,2.302377690389067
158,0.6818392975967762,2.037770986557007,2.5607541114842225,2.2861813539348614
159,0.6808707886796991,2.037729024887085,2.5601757071615188,2.2974831149167403
160,0.6783094556755306,2.0396745204925537,2.569937681481612,2.293350875576742
161,0.6791228859510738,2.0272297859191895,2.581896434646024,2.2883664825363783
162,0.6779298418129248,2.0316803455352783,2.5689844548321283,2.3068853538206477
163,0.6760497372607491,2.0315804481506348,2.5789475165736935,2.3066942315187924
164,0.6727206962065699,2.0424318313598633,2.5473011167836233,2.2911462648679244
165,0.6731528543256492,2.0419259071350098,2.549026032981072,2.2961087334007138
166,0.6739371057202365,2.043822765350342,2.5645174113817175,2.2909539286628653
167,0.6705766193220464,2.0383667945861816,2.553488733152808,2.299221719807039
168,0.6700710965568102,2.033262014389038,2.583440635656626,2.297527475144168
169,0.6697403045671245,2.040217399597168,2.5626935738578123,2.2971560435300904
170,0.6696617259344905,2.0438218116760254,2.5817122325063067,2.2983101975402436
171,0.667396518441443,2.046156883239746,2.5872471053645953,2.2931740452202796
172,0.6660534374211144,2.0340700149536133,2.5782988915995966,2.2914155923235318
173,0.6637330275086776,2.0333504676818848,2.5784887788950566,2.2879516228033636
174,0.6628753099718998,2.0385897159576416,2.5716090740109854,2.3130897235333228
175,0.6608494549647793,2.0291497707366943,2.5786870556840396,2.305886618737469
176,0.6621721352669048,2.034989833831787,2.5730425820868814,2.319259638800053
177,0.6615148890384168,2.0297346115112305,2.5681337338526244,2.295638194775993
178,0.6573751520484401,2.0398361682891846,2.572292004147853,2.309847631220978
179,0.6572279768959812,2.0335545539855957,2.5780936514241515,2.2980664999562808
180,0.657742371235772,2.039079189300537,2.568285193824435,2.2990071728192114
181,0.6567564948513634,2.0407347679138184,2.5751563978006113,2.2999096281915548
182,0.6555334516471766,2.043792724609375,2.5720147374784434,2.305613046141018
183,0.6522516332716523,2.037808418273926,2.5859477936773327,2.303895175155092
184,0.6514331060833025,2.042956590652466,2.5926246824744448,2.315287821850712
185,0.6529551598639579,2.0432181358337402,2.583317222171514,2.3110388109940834
186,0.6502096930297081,2.0326080322265625,2.5774238443536404,2.302444375233224
187,0.6481570933297164,2.035278558731079,2.5997489001156566,2.3366937073960647
188,0.6476712073791563,2.026587724685669,2.582370599718884,2.3210047511426115
189,0.6465232981710618,2.04550838470459,2.5781880128647217,2.3080506476603198
190,0.6477288116203171,2.0569369792938232,2.5825779863423555,2.309896400252467
191,0.6439481291313784,2.0837631225585938,2.58560001835032,2.3216447400680003
192,0.6432605082769943,2.0889360904693604,2.604483532054366,2.3141876228528484
193,0.6418322370445821,2.0800094604492188,2.5913530289563034,2.318238431221749
194,0.6409710340451746,2.0869853496551514,2.59460694929712,2.3166547255430365
195,0.640734456021901,2.0812039375305176,2.5800919782456297,2.3207199150501605
196,0.6405977422776953,2.096566915512085,2.5896869821727306,2.310377692381963
197,0.6382586461807258,2.0386228561401367,2.6099343330396123,2.332529675842935
198,0.636415382899376,2.0980687141418457,2.5725706627924407,2.315249208225559
199,0.6371214838100372,2.0452284812927246,2.5937600847654356,2.2982776740952238
200,0.6366867127079128,2.0431439876556396,2.6096093000714506,2.331053479963296
201,0.6340571092244726,2.0480806827545166,2.5922946690392994,2.3257829218627664
202,0.6310302318213808,2.058356285095215,2.61183236523131,2.3135641981733395
203,0.6329421917949292,2.033146858215332,2.6124461507597263,2.325427203447893
204,0.6310680422258005,2.0742573738098145,2.5806087351617397,2.3464393452946997
205,0.628830086855832,2.0852088928222656,2.5946611101763506,2.324810395497998
206,0.6294975847651648,2.043553113937378,2.592059862663278,2.3169461117965593
207,0.626744618847342,2.0411880016326904,2.6233005768992643,2.3219353088622743
208,0.6280742702179725,2.0460188388824463,2.6030260711951962,2.340163041586021
209,0.6251940274553911,2.044020414352417,2.6008990818391546,2.3209765108353237
210,0.6242615887102398,2.107837200164795,2.603712356894563,2.3231326200439377
211,0.624193959884153,2.0483858585357666,2.606654687454079,2.3275696350998403
212,0.6228053982769528,2.0373435020446777,2.5959322959817848,2.32464282854876
213,0.6209299915554484,2.086585283279419,2.6017599659260835,2.349994727592305
214,0.6195887823060761,2.123227119445801,2.61258351946109,2.338734608031816
215,0.618228131756731,2.1099154949188232,2.603958441930257,2.338189090695352
216,0.6155014136286275,2.0864195823669434,2.608475076141781,2.345202250006296
217,0.6149096417959362,2.030529499053955,2.6298195650005027,2.3408391001861473
218,0.6154070495535491,2.0687031745910645,2.5940005666036825,2.3344505800264477
219,0.6140096539730339,2.0736093521118164,2.5952508609178655,2.312812857659371
220,0.613459010786128,2.0359833240509033,2.612841621562792,2.33496968945364
221,0.613143056997207,2.0314090251922607,2.608566361012248,2.3220601556387863
222,0.6098502338209073,2.03017520904541,2.6110467176123735,2.326444801375693
223,0.6101892399591603,2.035649538040161,2.6023851020279287,2.3111400062593495
224,0.6090956825335462,2.0375680923461914,2.600492169094751,2.360306917378662
225,0.6073743687691228,2.034266471862793,2.6206682044929397,2.3373983323096703
226,0.6061521496727625,2.040555000305176,2.6335179902995374,2.352671846264892
227,0.6045138512425277,2.031888961791992,2.616564327805414,2.3446349723655904
228,0.6042922861620198,2.029888868331909,2.6379507996063074,2.3580168451959285
229,0.6013237586888047,2.0430867671966553,2.630635707033304,2.351799958958323
230,0.6005444824786066,2.0313596725463867,2.6058749318940215,2.333289251279228
231,0.6008896283335695,2.0341989994049072,2.6279766778920775,2.3583175854973577
232,0.6021003955097042,2.0669164657592773,2.6172135176416056,2.3384182172781625
233,0.597303719812144,2.105482578277588,2.6073316106514013,2.3300601972245123
234,0.5964991389362319,2.0599701404571533,2.643815163182959,2.352537033680465
235,0.5986704296054494,2.082974910736084,2.623117668729277,2.360903719500756
236,0.5961328653463389,2.1008806228637695,2.6248585470577224,2.347061750830627
237,0.5970461626305317,2.0940141677856445,2.621876197759543,2.3493636466320744
238,0.5916951257435169,2.0400846004486084,2.6380197822486307,2.361537527943869
239,0.592204076349374,2.0452239513397217,2.6315999014074265,2.357385121785798
240,0.5918168448198261,2.032914876937866,2.6186729863309224,2.335362268232524
241,0.5919404724274249,2.0361924171447754,2.6538621258950292,2.3695419977929557
242,0.5881123686510897,2.030122756958008,2.635119346565176,2.357137346585288
243,0.5873806964380743,2.0416486263275146,2.6276684369849446,2.361880555337494
244,0.5866240928745386,2.0394229888916016,2.633208835055601,2.37525417694116
245,0.5853255852229706,2.0885071754455566,2.6375863585949535,2.3685508991888433
246,0.5844264119914442,2.0989151000976562,2.624205607865808,2.372147276010471
247,0.5821141788950125,2.0410497188568115,2.6379250860837034,2.3695298694268403
248,0.581721995495047,2.050316095352173,2.647916341060946,2.3774143069649836
249,0.5842626045058111,2.0989062786102295,2.6252240210176763,2.3547297948989647
250,0.5817194860340759,2.10014009475708,2.6288867158899913,2.352844432683955
251,0.5787370348828925,2.0974514484405518,2.642965915903823,2.3791474720128467
252,0.5791632401393568,2.0967657566070557,2.611307381445265,2.3688871392264317
253,0.5785080341287038,2.1032941341400146,2.6396813780003643,2.382889441448815
254,0.5754844609267632,2.081887722015381,2.6353491158197055,2.3795571876619577
255,0.5758139597463265,2.084076166152954,2.653965641000742,2.359529181591444
256,0.5722968263699871,2.1019089221954346,2.63584492834333,2.38110017313017
257,0.5731306228720722,2.026658058166504,2.6436649708292044,2.3770693266854592
258,0.5702287848492014,2.123573064804077,2.6332630846513845,2.374350037827504
259,0.5665031508412759,2.0650136470794678,2.6281526984900783,2.3887777791747085
260,0.570252356195726,2.047229766845703,2.642657602428946,2.379642258037919
261,0.5651054755299841,2.0505709648132324,2.6314239492420097,2.3875053652240843
262,0.5642507551850124,2.0343894958496094,2.6425176192136166,2.3688261059559386
263,0.563587679129404,2.037858486175537,2.64117984063599,2.401818808097309
264,0.5631908892697413,1.9405755996704102,2.665468398073008,2.4177190184137975
265,0.5617567657704811,0.7435412406921387,2.640588136876007,2.3946721077338577
266,0.5614007930789426,0.6797423362731934,2.6498886751294486,2.3665583130746612
267,0.5614544598898521,0.6796410083770752,2.6854637866087345,2.4149856509812833
268,0.5581762096834578,0.6647231578826904,2.654004186667668,2.3870717298261726
269,0.5574455707613605,0.6812107563018799,2.666175778745442,2.41319798518365
270,0.5569548420155805,0.6980178356170654,2.63456126848827,2.402547253610284
271,0.5541531289210101,0.6784825325012207,2.6441974246106628,2.3919367784569965
272,0.5531441831190023,0.6783950328826904,2.689834926397431,2.4076770360991047
273,0.554293001604398,0.6788809299468994,2.6672034876450597,2.4159347022122772
274,0.5504139817951376,0.6795780658721924,2.6630144651695336,2.4096603523994675
275,0.5510572141204741,0.6795098781585693,2.6937426082070384,2.445829805619727
276,0.5495383989119891,0.6815299987792969,2.6790936322149346,2.4231237047188623
277,0.5484737095880989,0.6812970638275146,2.6758750702054015,2.4234405837970043
278,0.5507280944451651,0.6812374591827393,2.683569181364714,2.4159969047915286
279,0.5432088667327254,0.6812102794647217,2.6807554523595267,2.4195123952494146
280,0.543886781042051,0.6794712543487549,2.694222728574985,2.4308476813155098
281,0.5432199523258595,0.6899232864379883,2.674690985743155,2.406688994317592
282,0.5399639896812256,0.6675362586975098,2.697895873835241,2.430131068151461
283,0.5414234560678245,0.738917350769043,2.655466423494428,2.4037246476212446
284,0.5385378987266449,0.7557408809661865,2.6884320515572724,2.4129138345636707
285,0.5344892658578264,0.6950886249542236,2.674733959365534,2.4107709707479215
286,0.5372426942220296,0.6781022548675537,2.696259664127041,2.4055151644115087
287,0.534941218012983,0.6678006649017334,2.6552624814060044,2.39066962055572
288,0.5367152432685042,0.6701891422271729,2.6631223765558345,2.4006957174755494
289,0.5302313802538516,0.6702308654785156,2.683787976043616,2.427795970967497
290,0.5297244544941538,0.67010498046875,2.694075774971848,2.4474803182657836
291,0.533200594657156,0.6702780723571777,2.6598736224968684,2.412930122134296
292,0.5277022239380789,0.6710124015808105,2.65272713099363,2.4353802688287587
293,0.5285865265852471,0.6704463958740234,2.6845683732209484,2.442504459278599
294,0.5267541188312046,0.6700930595397949,2.6731489739683005,2.4232994515465935
295,0.525799592786292,0.668964147567749,2.6701663617237315,2.4303759036002015
296,0.5242725866648533,0.6708149909973145,2.680414001755129,2.4386700343128527
297,0.5207390635899581,0.669339656829834,2.6845763763304067,2.4463936142521483
298,0.5209696428991704,0.6707000732421875,2.6801639599481244,2.441137260659628
299,0.5199415773800112,0.6698033809661865,2.6796763253724567,2.4420417057972954
300,0.5196346768685105,0.6706075668334961,2.6698591809903527,2.4474173487429782
