dataset,method,weighting,nominal,coverage,mean_width,median_width,interval_score,coverage_equal_protein,width_equal_protein,n_mutations,n_proteins
S669L,standard_cvplus,mutation_corrected,0.8,0.8071748878923767,3.3129996306871257,3.3005078125,5.2730371750630605,0.7155148013340444,3.3113149011079703,669,87
S669L,standard_cvplus,protein_empirical,0.8,0.8370702541106129,3.6078185287042226,3.5953125000000004,5.287671628304839,0.7424708758196875,3.6027329057272657,669,87
S669L,standard_cvplus,mutation_corrected,0.9,0.8953662182361734,4.485236155876308,4.47265625,6.724792513312781,0.8361226498782077,4.485091372746243,669,87
S669L,standard_cvplus,protein_empirical,0.9,0.9162929745889388,4.963870577733791,4.95890625,6.715599137150831,0.8676110188774431,4.95996442301216,669,87
S669L,standard_cvplus,mutation_corrected,0.95,0.9312406576980568,5.477588423428158,5.464062500000001,8.222833834022328,0.8840443319483212,5.481008717113044,669,87
S669L,standard_cvplus,protein_empirical,0.95,0.9596412556053812,5.943266163642097,5.932246093750001,8.179519316669003,0.9344138932712293,5.935285707226291,669,87
S669L,adaptive_cvplus,mutation_corrected,0.8,0.8011958146487295,3.2523332329924273,3.197652093361655,5.159106478513951,0.7015044293823837,3.295909953433944,669,87
S669L,adaptive_cvplus,protein_empirical,0.8,0.828101644245142,3.494647864731525,3.4336101408599413,5.167693250359985,0.7380108651664364,3.5334043453818604,669,87
S669L,adaptive_cvplus,mutation_corrected,0.9,0.8878923766816144,4.379343336326211,4.297952703760286,6.498970680322395,0.8107728944567378,4.447324396415138,669,87
S669L,adaptive_cvplus,protein_empirical,0.9,0.9252615844544095,5.003734335379074,4.909176779062734,6.550696980440823,0.8687061404776076,5.068412282605984,669,87
S669L,adaptive_cvplus,mutation_corrected,0.95,0.9387144992526159,5.420292625728341,5.355000423676639,7.9197942422224585,0.8745108633884833,5.51400267076625,669,87
S669L,adaptive_cvplus,protein_empirical,0.95,0.9566517189835575,6.010471288227922,5.865001842876967,7.897257654455019,0.9271177298898732,6.171116576616851,669,87
S461L,standard_cvplus,mutation_corrected,0.8,0.8980477223427332,3.3152255361561145,3.3021484374999996,3.87275057513388,0.780162383063401,3.3073872042452592,461,46
S461L,standard_cvplus,protein_empirical,0.8,0.9240780911062907,3.6112081889320087,3.598671875,4.0271936061635705,0.8103340195302355,3.599891336810408,461,46
S461L,standard_cvplus,mutation_corrected,0.9,0.96529284164859,4.486382948074837,4.473583984375,4.875377999593275,0.910775384103846,4.480042197399449,461,46
S461L,standard_cvplus,protein_empirical,0.9,0.9761388286334056,4.965179133549688,4.9609375,5.1876685417655235,0.9655668659139612,4.955346682425471,461,46
S461L,standard_cvplus,mutation_corrected,0.95,0.9869848156182213,5.478723896547925,5.464140625,5.739553784020812,0.9692502604906698,5.471940184101323,461,46
S461L,standard_cvplus,protein_empirical,0.95,0.9913232104121475,5.946397691838396,5.9390625,6.0959774098427335,0.969889646679928,5.934925991674435,461,46
S461L,adaptive_cvplus,mutation_corrected,0.8,0.8915401301518439,3.2253672507571136,3.183701132326113,3.7620471681081256,0.770417311871506,3.255069480448633,461,46
S461L,adaptive_cvplus,protein_empirical,0.8,0.9197396963123644,3.4645680426037018,3.4099664893327333,3.8858331331087124,0.818148084782677,3.482764327037074,461,46
S461L,adaptive_cvplus,mutation_corrected,0.9,0.9587852494577006,4.342746105036482,4.281752976032927,4.670579323789269,0.8839889983306589,4.387237683074822,461,46
S461L,adaptive_cvplus,protein_empirical,0.9,0.9804772234273319,4.966788281386601,4.888891385092281,5.1091868825764735,0.9385005209813394,5.006844948381866,461,46
S461L,adaptive_cvplus,mutation_corrected,0.95,0.9869848156182213,5.369295438857979,5.324093877638573,5.5386282666278825,0.9623235767737046,5.4363560636243395,461,46
S461L,adaptive_cvplus,protein_empirical,0.95,0.9934924078091106,5.959667846762215,5.844345140801543,6.044165269205601,0.9702093397745571,6.050618717656526,461,46
