model,dataset,method,nominal,coverage,mean_width,median_width,interval_score,coverage_equal_protein,width_equal_protein,n_mutations,n_proteins
ProbJanusDDG,S669L,standard,0.5,0.5814648729446936,1.6467869104861503,1.6407226562500001,3.398688429486057,0.4550490807389417,1.6414206723428102,669,87
ProbJanusDDG,S669L,standard,0.8,0.8370702541106129,3.6078185287042226,3.5953125000000004,5.287671628304841,0.7424708758196875,3.6027329057272657,669,87
ProbJanusDDG,S669L,standard,0.9,0.9162929745889388,4.963870577733791,4.95890625,6.715599137150831,0.8676110188774431,4.95996442301216,669,87
ProbJanusDDG,S669L,standard,0.95,0.9596412556053812,5.943266163642097,5.932246093750001,8.179519316669,0.9344138932712293,5.935285707226291,669,87
ProbJanusDDG,S669L,adaptive,0.5,0.5724962630792227,1.651648102853265,1.6213821578219543,3.3670121276539335,0.4337448667858578,1.6657071509606076,669,87
ProbJanusDDG,S669L,adaptive,0.8,0.828101644245142,3.494647864731525,3.4336101408599413,5.167693250359985,0.7380108651664364,3.5334043453818604,669,87
ProbJanusDDG,S669L,adaptive,0.9,0.9252615844544095,5.003734335379074,4.909176779062734,6.550696980440823,0.8687061404776076,5.068412282605984,669,87
ProbJanusDDG,S669L,adaptive,0.95,0.9566517189835575,6.010471288227922,5.865001842876967,7.897257654455016,0.9271177298898732,6.171116576616851,669,87
ProbJanusDDG,S461L,standard,0.5,0.6767895878524945,1.6489305422569822,1.640625,2.532099858281928,0.5239595641603803,1.639956776014405,461,46
ProbJanusDDG,S461L,standard,0.8,0.9240780911062907,3.6112081889320087,3.598671875,4.027193606163571,0.8103340195302355,3.599891336810408,461,46
ProbJanusDDG,S461L,standard,0.9,0.9761388286334056,4.965179133549688,4.9609375,5.1876685417655235,0.9655668659139612,4.955346682425471,461,46
ProbJanusDDG,S461L,standard,0.95,0.9913232104121475,5.946397691838396,5.9390625,6.0959774098427335,0.969889646679928,5.934925991674435,461,46
ProbJanusDDG,S461L,adaptive,0.5,0.6702819956616052,1.639279068102076,1.6152620320012336,2.4989125957014067,0.4852439642840661,1.6458788877082398,461,46
ProbJanusDDG,S461L,adaptive,0.8,0.9197396963123644,3.4645680426037018,3.4099664893327333,3.8858331331087124,0.818148084782677,3.482764327037074,461,46
ProbJanusDDG,S461L,adaptive,0.9,0.9804772234273319,4.966788281386601,4.888891385092281,5.1091868825764735,0.9385005209813394,5.006844948381866,461,46
ProbJanusDDG,S461L,adaptive,0.95,0.9934924078091106,5.959667846762215,5.844345140801543,6.044165269205601,0.9702093397745571,6.050618717656526,461,46
One-hot FFNN,S669L,standard,0.5,0.4992526158445441,1.8396814415325455,1.8277233070135117,4.0590619180593395,0.4050717221985422,1.8504346182307552,669,87
One-hot FFNN,S669L,standard,0.8,0.8161434977578476,4.073314352268395,4.057465460896491,6.070222930838153,0.7611086410902043,4.083495381316327,669,87
One-hot FFNN,S669L,standard,0.9,0.9088191330343797,5.641473555086662,5.625314426422119,7.5478852384572,0.8631327675738794,5.645281315295054,669,87
One-hot FFNN,S669L,standard,0.95,0.9461883408071748,6.8960062528118735,6.868146665394306,8.904189548786333,0.9172921193360959,6.910749850167615,669,87
One-hot FFNN,S669L,adaptive,0.5,0.48878923766816146,1.856110291802995,1.860052515638349,4.02205818513671,0.3847902759957485,1.8669049732921215,669,87
One-hot FFNN,S669L,adaptive,0.8,0.828101644245142,4.175258219038382,4.192637536478715,6.116588801886928,0.7655633673785617,4.18596571365417,669,87
One-hot FFNN,S669L,adaptive,0.9,0.9028400597907325,5.84222638846627,5.8162386318554935,7.922327460244129,0.8641006272008279,5.8715446393789765,669,87
One-hot FFNN,S669L,adaptive,0.95,0.9506726457399103,7.597294252233387,7.530635621697004,9.647760134162773,0.9077542383492349,7.587564159785443,669,87
One-hot FFNN,S461L,standard,0.5,0.5683297180043384,1.834859125848674,1.8209998035430908,3.30285264369047,0.4354229166970512,1.8457510809740965,461,46
One-hot FFNN,S461L,standard,0.8,0.8806941431670282,4.070210985199846,4.0541936922073365,4.986533375755922,0.8000640997887384,4.0837679443981605,461,46
One-hot FFNN,S461L,standard,0.9,0.9587852494577006,5.640958877402377,5.628250417709351,6.217188029823231,0.9159109458536296,5.6440049078013255,461,46
One-hot FFNN,S461L,standard,0.95,0.9783080260303688,6.888558159681793,6.863997621834278,7.299925433922712,0.9519858296347152,6.912305711163798,461,46
One-hot FFNN,S461L,adaptive,0.5,0.561822125813449,1.8815763169151558,1.8944206222437758,3.22965990328373,0.39545327034724403,1.8667038145805945,461,46
One-hot FFNN,S461L,adaptive,0.8,0.8980477223427332,4.243518983703309,4.319509976019331,4.911489573258728,0.8001886299582384,4.201946866942366,461,46
One-hot FFNN,S461L,adaptive,0.9,0.9631236442516269,5.927197933131023,5.9642688077201536,6.418549378047858,0.9200015970777911,5.882102544908642,461,46
One-hot FFNN,S461L,adaptive,0.95,0.9848156182212582,7.726368401301856,7.7377771949781735,8.034578529511636,0.9512882447665055,7.6164693046357055,461,46
