model,dataset,nominal,n_calls,call_percent,n_correct,sign_accuracy_percent
ProbJanusDDG,S669L,0.5,229,34.23019431988042,217,94.75982532751091
ProbJanusDDG,S669L,0.51,222,33.18385650224215,214,96.3963963963964
ProbJanusDDG,S669L,0.52,215,32.13751868460389,207,96.27906976744185
ProbJanusDDG,S669L,0.53,208,31.09118086696562,201,96.63461538461539
ProbJanusDDG,S669L,0.54,203,30.343796711509718,196,96.55172413793103
ProbJanusDDG,S669L,0.55,201,30.04484304932735,194,96.51741293532338
ProbJanusDDG,S669L,0.56,192,28.699551569506728,185,96.35416666666667
ProbJanusDDG,S669L,0.57,188,28.101644245142005,181,96.27659574468085
ProbJanusDDG,S669L,0.58,180,26.905829596412556,174,96.66666666666667
ProbJanusDDG,S669L,0.59,176,26.307922272047833,171,97.1590909090909
ProbJanusDDG,S669L,0.6,171,25.56053811659193,167,97.6608187134503
ProbJanusDDG,S669L,0.61,163,24.364723467862483,159,97.54601226993866
ProbJanusDDG,S669L,0.62,158,23.61733931240658,154,97.46835443037975
ProbJanusDDG,S669L,0.63,155,23.168908819133037,151,97.41935483870968
ProbJanusDDG,S669L,0.64,150,22.421524663677133,146,97.33333333333333
ProbJanusDDG,S669L,0.65,137,20.47832585949178,135,98.54014598540147
ProbJanusDDG,S669L,0.66,133,19.880418535127056,132,99.24812030075188
ProbJanusDDG,S669L,0.67,126,18.83408071748879,125,99.2063492063492
ProbJanusDDG,S669L,0.68,119,17.78774289985052,118,99.15966386554622
ProbJanusDDG,S669L,0.69,113,16.89088191330344,112,99.11504424778761
ProbJanusDDG,S669L,0.7,104,15.54559043348281,103,99.03846153846153
ProbJanusDDG,S669L,0.71,99,14.798206278026907,98,98.98989898989899
ProbJanusDDG,S669L,0.72,90,13.452914798206278,89,98.88888888888889
ProbJanusDDG,S669L,0.73,81,12.10762331838565,80,98.76543209876543
ProbJanusDDG,S669L,0.74,80,11.958146487294469,80,100.0
ProbJanusDDG,S669L,0.75,74,11.061285500747383,74,100.0
ProbJanusDDG,S669L,0.76,69,10.31390134529148,69,100.0
ProbJanusDDG,S669L,0.77,65,9.715994020926756,65,100.0
ProbJanusDDG,S669L,0.78,62,9.267563527653214,62,100.0
ProbJanusDDG,S669L,0.79,58,8.669656203288492,58,100.0
ProbJanusDDG,S669L,0.8,48,7.174887892376682,48,100.0
ProbJanusDDG,S669L,0.81,37,5.5306427503736915,37,100.0
ProbJanusDDG,S669L,0.82,31,4.633781763826607,31,100.0
ProbJanusDDG,S669L,0.83,29,4.334828101644246,29,100.0
ProbJanusDDG,S669L,0.84,26,3.8863976083707024,26,100.0
ProbJanusDDG,S669L,0.85,22,3.288490284005979,22,100.0
ProbJanusDDG,S669L,0.86,17,2.5411061285500747,17,100.0
ProbJanusDDG,S669L,0.87,15,2.242152466367713,15,100.0
ProbJanusDDG,S669L,0.88,12,1.7937219730941705,12,100.0
ProbJanusDDG,S669L,0.89,5,0.7473841554559043,5,100.0
ProbJanusDDG,S669L,0.9,4,0.5979073243647235,4,100.0
ProbJanusDDG,S669L,0.91,0,0.0,0,
ProbJanusDDG,S669L,0.92,0,0.0,0,
ProbJanusDDG,S669L,0.93,0,0.0,0,
ProbJanusDDG,S669L,0.94,0,0.0,0,
ProbJanusDDG,S669L,0.95,0,0.0,0,
ProbJanusDDG,S461L,0.5,190,41.21475054229935,187,98.42105263157895
ProbJanusDDG,S461L,0.51,188,40.780911062906725,186,98.93617021276596
ProbJanusDDG,S461L,0.52,181,39.26247288503254,179,98.89502762430939
ProbJanusDDG,S461L,0.53,177,38.39479392624729,175,98.87005649717514
ProbJanusDDG,S461L,0.54,173,37.52711496746204,171,98.84393063583815
ProbJanusDDG,S461L,0.55,171,37.093275488069416,169,98.83040935672514
ProbJanusDDG,S461L,0.56,167,36.22559652928417,165,98.80239520958084
ProbJanusDDG,S461L,0.57,162,35.140997830802604,160,98.76543209876543
ProbJanusDDG,S461L,0.58,157,34.05639913232104,155,98.72611464968153
ProbJanusDDG,S461L,0.59,153,33.18872017353579,152,99.34640522875817
ProbJanusDDG,S461L,0.6,151,32.75488069414317,150,99.33774834437087
ProbJanusDDG,S461L,0.61,143,31.019522776572668,143,100.0
ProbJanusDDG,S461L,0.62,138,29.934924078091107,138,100.0
ProbJanusDDG,S461L,0.63,135,29.28416485900217,135,100.0
ProbJanusDDG,S461L,0.64,132,28.633405639913235,132,100.0
ProbJanusDDG,S461L,0.65,122,26.46420824295011,122,100.0
ProbJanusDDG,S461L,0.66,121,26.247288503253795,121,100.0
ProbJanusDDG,S461L,0.67,117,25.379609544468547,117,100.0
ProbJanusDDG,S461L,0.68,111,24.07809110629067,111,100.0
ProbJanusDDG,S461L,0.69,104,22.559652928416483,104,100.0
ProbJanusDDG,S461L,0.7,96,20.824295010845987,96,100.0
ProbJanusDDG,S461L,0.71,92,19.95661605206074,92,100.0
ProbJanusDDG,S461L,0.72,85,18.43817787418655,85,100.0
ProbJanusDDG,S461L,0.73,76,16.48590021691974,76,100.0
ProbJanusDDG,S461L,0.74,76,16.48590021691974,76,100.0
ProbJanusDDG,S461L,0.75,71,15.40130151843818,71,100.0
ProbJanusDDG,S461L,0.76,68,14.75054229934924,68,100.0
ProbJanusDDG,S461L,0.77,64,13.882863340563992,64,100.0
ProbJanusDDG,S461L,0.78,59,12.79826464208243,59,100.0
ProbJanusDDG,S461L,0.79,57,12.364425162689804,57,100.0
ProbJanusDDG,S461L,0.8,47,10.195227765726681,47,100.0
ProbJanusDDG,S461L,0.81,38,8.24295010845987,38,100.0
ProbJanusDDG,S461L,0.82,30,6.507592190889371,30,100.0
ProbJanusDDG,S461L,0.83,28,6.073752711496746,28,100.0
ProbJanusDDG,S461L,0.84,24,5.206073752711497,24,100.0
ProbJanusDDG,S461L,0.85,21,4.55531453362256,21,100.0
ProbJanusDDG,S461L,0.86,19,4.121475054229935,19,100.0
ProbJanusDDG,S461L,0.87,17,3.68763557483731,17,100.0
ProbJanusDDG,S461L,0.88,13,2.8199566160520604,13,100.0
ProbJanusDDG,S461L,0.89,6,1.3015184381778742,6,100.0
ProbJanusDDG,S461L,0.9,5,1.0845986984815619,5,100.0
ProbJanusDDG,S461L,0.91,0,0.0,0,
ProbJanusDDG,S461L,0.92,0,0.0,0,
ProbJanusDDG,S461L,0.93,0,0.0,0,
ProbJanusDDG,S461L,0.94,0,0.0,0,
ProbJanusDDG,S461L,0.95,0,0.0,0,
One-hot FFNN,S669L,0.5,189,28.251121076233183,154,81.48148148148148
One-hot FFNN,S669L,0.51,177,26.45739910313901,146,82.48587570621469
One-hot FFNN,S669L,0.52,166,24.813153961136024,140,84.33734939759036
One-hot FFNN,S669L,0.53,150,22.421524663677133,127,84.66666666666667
One-hot FFNN,S669L,0.54,143,21.37518684603886,120,83.91608391608392
One-hot FFNN,S669L,0.55,134,20.029895366218238,114,85.07462686567165
One-hot FFNN,S669L,0.56,126,18.83408071748879,107,84.92063492063492
One-hot FFNN,S669L,0.57,118,17.638266068759343,101,85.59322033898304
One-hot FFNN,S669L,0.58,115,17.189835575485798,98,85.21739130434783
One-hot FFNN,S669L,0.59,108,16.143497757847534,92,85.18518518518519
One-hot FFNN,S669L,0.6,102,15.246636771300448,86,84.31372549019608
One-hot FFNN,S669L,0.61,101,15.097159940209268,85,84.15841584158416
One-hot FFNN,S669L,0.62,97,14.499252615844544,81,83.50515463917526
One-hot FFNN,S669L,0.63,95,14.200298953662182,81,85.26315789473684
One-hot FFNN,S669L,0.64,93,13.901345291479823,79,84.94623655913979
One-hot FFNN,S669L,0.65,92,13.75186846038864,78,84.78260869565217
One-hot FFNN,S669L,0.66,91,13.602391629297458,77,84.61538461538461
One-hot FFNN,S669L,0.67,90,13.452914798206278,76,84.44444444444444
One-hot FFNN,S669L,0.68,83,12.406576980568012,69,83.13253012048193
One-hot FFNN,S669L,0.69,80,11.958146487294469,66,82.5
One-hot FFNN,S669L,0.7,72,10.762331838565023,61,84.72222222222223
One-hot FFNN,S669L,0.71,68,10.164424514200299,60,88.23529411764706
One-hot FFNN,S669L,0.72,66,9.865470852017937,59,89.39393939393939
One-hot FFNN,S669L,0.73,64,9.566517189835576,58,90.625
One-hot FFNN,S669L,0.74,63,9.417040358744394,58,92.06349206349206
One-hot FFNN,S669L,0.75,60,8.968609865470851,55,91.66666666666667
One-hot FFNN,S669L,0.76,55,8.221225710014949,51,92.72727272727273
One-hot FFNN,S669L,0.77,53,7.922272047832586,49,92.45283018867924
One-hot FFNN,S669L,0.78,41,6.128550074738415,39,95.1219512195122
One-hot FFNN,S669L,0.79,28,4.185351270553064,27,96.42857142857143
One-hot FFNN,S669L,0.8,13,1.9431988041853512,13,100.0
One-hot FFNN,S669L,0.81,8,1.195814648729447,8,100.0
One-hot FFNN,S669L,0.82,4,0.5979073243647235,4,100.0
One-hot FFNN,S669L,0.83,3,0.4484304932735426,3,100.0
One-hot FFNN,S669L,0.84,2,0.29895366218236175,2,100.0
One-hot FFNN,S669L,0.85,0,0.0,0,
One-hot FFNN,S669L,0.86,0,0.0,0,
One-hot FFNN,S669L,0.87,0,0.0,0,
One-hot FFNN,S669L,0.88,0,0.0,0,
One-hot FFNN,S669L,0.89,0,0.0,0,
One-hot FFNN,S669L,0.9,0,0.0,0,
One-hot FFNN,S669L,0.91,0,0.0,0,
One-hot FFNN,S669L,0.92,0,0.0,0,
One-hot FFNN,S669L,0.93,0,0.0,0,
One-hot FFNN,S669L,0.94,0,0.0,0,
One-hot FFNN,S669L,0.95,0,0.0,0,
One-hot FFNN,S461L,0.5,141,30.585683297180044,123,87.23404255319149
One-hot FFNN,S461L,0.51,135,29.28416485900217,118,87.4074074074074
One-hot FFNN,S461L,0.52,128,27.765726681127983,112,87.5
One-hot FFNN,S461L,0.53,113,24.5119305856833,100,88.49557522123894
One-hot FFNN,S461L,0.54,108,23.427331887201735,95,87.96296296296296
One-hot FFNN,S461L,0.55,101,21.908893709327547,91,90.0990099009901
One-hot FFNN,S461L,0.56,94,20.390455531453362,85,90.42553191489361
One-hot FFNN,S461L,0.57,89,19.305856832971802,81,91.01123595505618
One-hot FFNN,S461L,0.58,86,18.655097613882862,78,90.69767441860465
One-hot FFNN,S461L,0.59,79,17.136659436008678,72,91.13924050632912
One-hot FFNN,S461L,0.6,77,16.702819956616054,70,90.9090909090909
One-hot FFNN,S461L,0.61,77,16.702819956616054,70,90.9090909090909
One-hot FFNN,S461L,0.62,73,15.835140997830802,66,90.41095890410959
One-hot FFNN,S461L,0.63,73,15.835140997830802,66,90.41095890410959
One-hot FFNN,S461L,0.64,71,15.40130151843818,64,90.14084507042253
One-hot FFNN,S461L,0.65,70,15.184381778741866,63,90.0
One-hot FFNN,S461L,0.66,69,14.967462039045554,62,89.85507246376811
One-hot FFNN,S461L,0.67,68,14.75054229934924,61,89.70588235294117
One-hot FFNN,S461L,0.68,66,14.316702819956618,59,89.39393939393939
One-hot FFNN,S461L,0.69,65,14.099783080260304,58,89.23076923076923
One-hot FFNN,S461L,0.7,59,12.79826464208243,55,93.22033898305085
One-hot FFNN,S461L,0.71,58,12.58134490238612,55,94.82758620689656
One-hot FFNN,S461L,0.72,57,12.364425162689804,54,94.73684210526316
One-hot FFNN,S461L,0.73,56,12.147505422993492,53,94.64285714285714
One-hot FFNN,S461L,0.74,55,11.930585683297181,53,96.36363636363636
One-hot FFNN,S461L,0.75,52,11.279826464208242,50,96.15384615384616
One-hot FFNN,S461L,0.76,48,10.412147505422993,46,95.83333333333333
One-hot FFNN,S461L,0.77,47,10.195227765726681,45,95.74468085106383
One-hot FFNN,S461L,0.78,35,7.592190889370933,35,100.0
One-hot FFNN,S461L,0.79,24,5.206073752711497,24,100.0
One-hot FFNN,S461L,0.8,11,2.386117136659436,11,100.0
One-hot FFNN,S461L,0.81,6,1.3015184381778742,6,100.0
One-hot FFNN,S461L,0.82,3,0.6507592190889371,3,100.0
One-hot FFNN,S461L,0.83,2,0.43383947939262474,2,100.0
One-hot FFNN,S461L,0.84,2,0.43383947939262474,2,100.0
One-hot FFNN,S461L,0.85,0,0.0,0,
One-hot FFNN,S461L,0.86,0,0.0,0,
One-hot FFNN,S461L,0.87,0,0.0,0,
One-hot FFNN,S461L,0.88,0,0.0,0,
One-hot FFNN,S461L,0.89,0,0.0,0,
One-hot FFNN,S461L,0.9,0,0.0,0,
One-hot FFNN,S461L,0.91,0,0.0,0,
One-hot FFNN,S461L,0.92,0,0.0,0,
One-hot FFNN,S461L,0.93,0,0.0,0,
One-hot FFNN,S461L,0.94,0,0.0,0,
One-hot FFNN,S461L,0.95,0,0.0,0,
