epoch,mse_protein,mse_mutation
1,1.4304057591193182,1.2695862662631914
2,1.4813783755143186,1.3116573896321873
3,1.5719476748986336,1.410679481468093
4,1.4961938840025648,1.3107982144458143
5,1.4883224227725989,1.3199366627111273
6,1.5419979323324542,1.3704880803360104
7,1.5136850560249362,1.356829219646508
8,1.5317311857700349,1.383481573486867
9,1.4935803575898292,1.3345941479268049
10,1.4822930488304875,1.3283793837715676
11,1.4678810198307672,1.3180025923361212
12,1.44561319103865,1.311235628633984
13,1.4257396300975402,1.2963514196571406
14,1.4713331085987051,1.3413612988153085
15,1.4779581723220807,1.3304885069234222
16,1.4508068004461419,1.3070226192314072
17,1.416315843953407,1.2715650087367343
18,1.4602626789609412,1.3171356903605542
19,1.4288804956008252,1.2926079314652135
20,1.4263855052371235,1.2824853499974234
21,1.4408374728930626,1.3287482598516227
22,1.4511261401124602,1.3230632319776687
23,1.4554489305328586,1.3270595692350367
24,1.4293776635565911,1.284952049125689
25,1.4347000475084062,1.2870014950455917
26,1.4481483423671313,1.3074824461671004
27,1.4580026033055147,1.3236183730182087
28,1.4178178107752204,1.3013055013742825
29,1.4409329858774218,1.3051066354851266
30,1.4243650539633992,1.30739563553175
31,1.4344591882265445,1.304145036074536
32,1.3963584836017577,1.2824643533024074
33,1.413144899390597,1.2956585140896382
34,1.4391419050750953,1.313346881311627
35,1.4197207998263122,1.310478687634037
36,1.43092480761067,1.3014050879863694
37,1.420231408368778,1.3126810110465281
38,1.424486207380172,1.2941068742714357
39,1.410877871073398,1.288519814533837
40,1.4375406938158415,1.3027654501787014
41,1.438295079038037,1.3142109713894583
42,1.4323345546531685,1.3015889542461114
43,1.4447774778248086,1.3151321676836174
44,1.4209036823363366,1.3058484515606346
45,1.432262501496473,1.3118635886545236
46,1.4074871411018934,1.2899578792033224
47,1.4226468647815649,1.2985939859240743
48,1.42752710442463,1.2946531349740122
49,1.428124635679792,1.301272855637572
50,1.4347811756414799,1.3035244750420587
51,1.4280812873343391,1.2899919494236929
52,1.4164841363288154,1.2862241746484897
53,1.4483946050178997,1.3031408198817303
54,1.4112339936475577,1.2907487930264514
55,1.4329496496887213,1.2928105995589056
56,1.4190188155878714,1.2854925575708935
57,1.4112624339355966,1.2949438060685063
58,1.3945971020781365,1.2875793584069626
59,1.4211519001488702,1.2942964165670048
60,1.4280671179804962,1.3106061917964011
61,1.39676130686009,1.2849934475679181
62,1.4094433245784557,1.2891076974839812
63,1.4176480204031607,1.2842587879594436
64,1.4112304574980092,1.2845270424213788
65,1.3999802738708838,1.2784583688278655
66,1.4134881959989587,1.2838757338033557
67,1.4048810970707932,1.2767623567824984
68,1.4186124286871697,1.2893737562404513
69,1.4445716262044934,1.31537235544728
70,1.4246524802380973,1.3143682029169494
71,1.453084170025061,1.3130219210044138
72,1.4102551165413864,1.2916318358286965
73,1.4320250259098635,1.3091783776870558
74,1.4325315377151937,1.3070239688733543
75,1.428483422586515,1.3030374499609998
76,1.4369906578042357,1.3160010985137378
77,1.4239476514281557,1.3125079096120966
78,1.4279855770194123,1.3027884994632106
79,1.417654960359708,1.3088398816499334
80,1.4134752122923269,1.3036592119454078
81,1.4189454410869609,1.3159741006547112
82,1.4098794617398447,1.3065138429680787
83,1.4103713221771237,1.2958276829451494
84,1.4375116185581218,1.3234000279749853
85,1.4181870535296655,1.3020473184735089
86,1.4253576036143034,1.3121855951878985
87,1.3991738221303645,1.2869383952517968
88,1.4212113427239432,1.3035285155525316
89,1.4283012676510518,1.3062116178019572
90,1.4481552142865313,1.3316910698472864
91,1.4215357291966217,1.303849260804478
92,1.4382714297486319,1.3174630382117916
93,1.4144952018095287,1.2961923407952327
94,1.4249259028289636,1.318372138070151
95,1.4272917588120182,1.296725550106151
96,1.4490290542998712,1.3132654646947894
97,1.4728895876526233,1.3227518573917092
98,1.4427720127351202,1.2979436002437763
99,1.4714762417140659,1.3130673615221589
100,1.4492795075319405,1.3171841926880812
101,1.444495949379617,1.3094716668911572
102,1.442658748163139,1.3144246333685636
103,1.437929224567933,1.2995341885308425
104,1.4472104596007003,1.314941812105401
105,1.433633331802475,1.2890797618090095
106,1.4308798496841773,1.2962523585978536
107,1.429616423588606,1.302878655384624
108,1.438794810189945,1.3196473466987666
109,1.4261272132488754,1.2960443364133942
110,1.4390094041876278,1.3175179440641471
111,1.4348817072331566,1.312415356007976
112,1.4460136606106155,1.316168168505336
113,1.4288636536803396,1.3141063138699125
114,1.4366930012063381,1.3217650705280952
115,1.428252606417286,1.309470334498357
116,1.4292946031887475,1.2947802709775118
117,1.443021112026214,1.3055090152728692
118,1.4285084414121667,1.301877957911823
119,1.4245268164463976,1.290231728143746
120,1.445792939493447,1.3108189279623623
121,1.4304335266837247,1.296947077141441
122,1.4238460920794431,1.2876492073752785
123,1.426883778360746,1.3032983587159948
124,1.4460546510970245,1.304797206956249
125,1.4392142378116968,1.3066775337063323
126,1.4353515905935526,1.306972302008113
127,1.443732180726251,1.3172143502366829
128,1.4312435031414268,1.303386688886524
129,1.4114665651481175,1.2910186170537927
130,1.4373127439694144,1.3120858553085286
131,1.44262331906631,1.317759422563025
132,1.4260528920551054,1.3052592914617531
133,1.4349745513994256,1.3010436888510224
134,1.443284793287433,1.3164396456616074
135,1.4474814322830971,1.3047313750101348
136,1.4215502107592064,1.297026341310182
137,1.415124912235171,1.3007401143334008
138,1.4210827814742508,1.3028649590338774
139,1.4204620906869536,1.313397786127275
140,1.421257156344241,1.3042236570323256
141,1.4165680100705673,1.3022808962167658
142,1.4071063330486022,1.300296570504587
143,1.4113180816269464,1.3079009244081325
144,1.3956124704910662,1.2918478607541761
145,1.4094558135610582,1.2957641053308875
146,1.411833562067032,1.3089758737277597
147,1.4126723424645193,1.2941646300544256
148,1.4158525408168887,1.3107705216564027
149,1.4144447519793577,1.303048472180087
150,1.427334704939915,1.3115046617615693
151,1.4093876512558607,1.3144128580828844
152,1.409937335631571,1.3012362225925858
153,1.397796908154757,1.2987782557451457
154,1.4130690167767659,1.2992773534592936
155,1.4042939804096877,1.302790252253969
156,1.4112535313134988,1.3056086709918275
157,1.4145663979742145,1.3070018561790218
158,1.4194192895018232,1.3039722548980497
159,1.433087900794652,1.322042967176168
160,1.4309096987857275,1.329235127575788
161,1.416201908428751,1.305515083499682
162,1.4119256873193013,1.3142688747364586
163,1.4080322415018935,1.3043633087256872
164,1.4039751877714883,1.303428433148504
165,1.4004556576075087,1.2857486389627564
166,1.3991044141073599,1.2903520775868058
167,1.402196741873409,1.2970143867624682
168,1.406235527444264,1.300081746004025
169,1.3928893189986957,1.285744061635847
170,1.405026305715875,1.297913928029362
171,1.4036015285201011,1.2897121398142164
172,1.3921786490181056,1.288762223547091
173,1.401833287947159,1.299642362965837
174,1.403978763303079,1.2961856444785822
175,1.4039871219368616,1.2996604031475587
176,1.3871235484352669,1.289249727359734
177,1.4174963066680621,1.305253082922084
178,1.3991459329252816,1.2926474795073442
179,1.4324191683772414,1.3118852928709848
180,1.419911391766372,1.320630716604836
181,1.4364000416123313,1.3283203023814887
182,1.4346973425209741,1.3175136818025073
183,1.4273114512243088,1.3159176675890798
184,1.4164752200236657,1.3055263469624654
185,1.4281274927205772,1.3146320021438396
186,1.4343455750670233,1.3153446556669508
187,1.4273811925383828,1.3028832664378283
188,1.418919451786201,1.3124762915899526
189,1.4189992493365358,1.307129254678683
190,1.4253228833457403,1.300194826625296
191,1.4248152871214517,1.3008094389264866
192,1.4288787625126596,1.3126575053857543
193,1.4202121694757937,1.296575311652146
194,1.4296725646546449,1.3023317140424655
195,1.4276271560082756,1.2978957148333727
196,1.4306156819911076,1.2986711824318784
197,1.4008277062664738,1.2769244039740266
198,1.4202135620988021,1.300620560656968
199,1.4196877434577637,1.295618808802373
200,1.4131549950705875,1.3033415136069226
201,1.4161706633076678,1.3026564452346436
202,1.4258819749873548,1.3070136597137665
203,1.417971327291758,1.299113027605768
204,1.4125724983668209,1.2863038274049843
205,1.4240429938086203,1.305722751763042
206,1.4108961792985566,1.2926857867558799
207,1.4244460679360058,1.3108955759862049
208,1.3907080260860665,1.2831326454986962
209,1.397261637023209,1.2879253106416617
210,1.403724152484792,1.2839001881006749
211,1.4011775645675264,1.2828915499268279
212,1.4101282979087113,1.2907076062160696
213,1.4132771604142813,1.2813004536791708
214,1.416054121556491,1.2940693320367296
215,1.4302044183256675,1.2917251656225173
216,1.4221868921267347,1.287894010393094
217,1.433413464595079,1.3039117319376452
218,1.4261745523747666,1.3015737124932014
219,1.424357605382792,1.2983908911570992
220,1.3993807280934947,1.2843663265315826
221,1.4055739583935323,1.289212333075879
222,1.3985381240621055,1.285312260450751
223,1.4166482603638297,1.2994464246271693
224,1.3976237076951543,1.2902060092446492
225,1.4028471502820001,1.2974844826252445
226,1.407339159168447,1.2934557392342616
227,1.3897335028423499,1.2919246737103003
228,1.4051940323938956,1.3099404686158658
229,1.401296914540322,1.303328654507594
230,1.3935767490377937,1.2949702030327361
231,1.3922720398048198,1.2969321026177056
232,1.3986065133497632,1.2897566797992266
233,1.4030518237784797,1.3091277791121585
234,1.382276885811617,1.295550879203802
235,1.3972404722395215,1.3080970124175992
236,1.3907116166525282,1.297953308353451
237,1.3891933048988787,1.3006212372572408
238,1.3864222710832284,1.298803078980904
239,1.382455414355273,1.2915936720109928
240,1.3947229518700996,1.3064115133872813
241,1.3749544303575867,1.29061237417116
242,1.3747443976767257,1.303351332290159
243,1.3816377679466092,1.29740590725659
244,1.3644014123905484,1.2876155057944818
245,1.3724401003355253,1.2990130836385791
246,1.3720555455823293,1.2879482650562868
247,1.3814631160600137,1.3002936499746505
248,1.3849478758859237,1.2893271876702876
249,1.3949734208666862,1.3068732490049244
250,1.3910747218384423,1.3085403560354212
251,1.3668329972554487,1.2913313078147544
252,1.3608034453133737,1.2959808748025679
253,1.3739515345853324,1.3007363868778035
254,1.3948534560306278,1.305151276036979
255,1.388437536370087,1.3025076125545016
256,1.3948452768801594,1.2950051489396284
257,1.3699762371686657,1.2905856848251012
258,1.3819431868204672,1.2842968629687521
259,1.3546879125765532,1.2834514082260724
260,1.3851547391433756,1.2861534373209302
261,1.3881908161351433,1.3023280921030853
262,1.3921551053181078,1.2980487173972155
263,1.3890505816321361,1.2875209886180479
264,1.3819506837774866,1.2920348534046593
265,1.3768633108088064,1.2841517383205014
266,1.3869664999400861,1.2940672993196605
267,1.375789808824089,1.3040284807685067
268,1.3859316215022828,1.307173871368473
269,1.372270036232758,1.3005703356785963
270,1.3714399858480435,1.304951600311974
271,1.3793481799677434,1.3030519431972234
272,1.3643870332142585,1.296541413837368
273,1.3943594660658603,1.3102742644159133
274,1.3948500316056751,1.3125929192844756
275,1.3777364819739277,1.3104233535644025
276,1.375457568366749,1.302738789974094
277,1.3760653194281247,1.3105292208660795
278,1.3743609161637609,1.3018473757567377
279,1.3922994640721877,1.305562425347506
280,1.4053838611385974,1.313728568730684
281,1.3595521939865376,1.274028690246
282,1.3723726539259458,1.304926342136577
283,1.3544643367209257,1.2822794768609571
284,1.3723906125253948,1.2994946635451021
285,1.3979790098960292,1.3025630298054487
286,1.3990097611200125,1.3042442375732681
287,1.3660592020808024,1.285293390613626
288,1.383120037399082,1.3026404249608852
289,1.3581546265796034,1.2910645225365955
290,1.370365770030511,1.301072337988541
291,1.3723506267424224,1.293886355189415
292,1.3756521878816608,1.2941870518567198
293,1.3684614610096275,1.281917147415809
294,1.3783214714495213,1.2883809196148888
295,1.379521568093643,1.2884416322157208
296,1.3800522517848826,1.29126323685215
297,1.3860323845236966,1.2922780058823062
298,1.3846686135325497,1.2900484400019134
299,1.3720279842175733,1.2804122841980834
300,1.369635524563198,1.2760716530478273
